[TOC]

# Oracle学习02——基本查询

## 一、简介
结构化查询语言(Structured Query Language)简称SQL(发音：/ˈes kjuː ˈel/ "S-Q-L")，是一种特殊目的的编程语言，是一种数据库查询和程序设计语言，用于存取数据以及查询、更新和管理关系数据库系统；同时也是数据库脚本文件的扩展名。

结构化查询语言是高级的非过程化编程语言，允许用户在高层数据结构上工作。它不要求用户指定对数据的存放方法，也不需要用户了解具体的数据存放方式，所以具有完全不同底层结构的不同数据库系统, 可以使用相同的结构化查询语言作为数据输入与管理的接口。结构化查询语言语句可以嵌套，这使它具有极大的灵活性和强大的功能。

1986年10月，美国国家标准协会对SQL进行规范后，以此作为关系式数据库管理系统的标准语言（ANSI X3. 135-1986），1987年得到国际标准组织的支持下成为国际标准。不过各种通行的数据库系统在其实践过程中都对SQL规范作了某些编改和扩充。所以，实际上不同数据库系统之间的SQL不能完全相互通用。


**DML(数据库操作语言)**：其语句包括动词 INSERT，UPDATE和DELETE。他们分别用于添加、修改和删除表中的列
也称为动作查询语言。

**DDL(数据库定义语言)**：其语句包括动词 CREATE 和 DROP。在数据库中创建新表或删除表（CREATE TABLE 或者 DROP TABLE）；
为表添加索引等。它也是动作查询的一部分。

**DCL(数据库控制语言)**：它的语句通过 GRANT 或 REVOKE 获得许可。确定单个用户和用户组对数据库对象的访问。
某些 RDBMS 可用 GRANT 或者 REVOKE 控制对象表单个列的访问。

---

## 二、查询当前用户和表
使用控制台，通过 sqlplus 连接到数据库。

### 2.1 查询当前用户

```sql
show user
```
结果

```sql
SQL> show user
USER is "SCOTT"
```

### 2.2查询当前用户下的表

使用
```sql
select * from tab;
```

```sql
SQL> select * from tab;

TNAME                                                 TABTYPE        CLUSTERID
------------------------------------------------- --------------------- ----------
DEPT                                                   TABLE
EMP                                                    TABLE
BONUS                                                  TABLE
SALGRADE                                               TABLE
```

---

## 三、设置行宽和列宽

```sql
SQL> show linesize -- 获取行宽
linesize 80
SQL> set linesize 120 -- 设置行宽 120个字符
SQL> col enmame for a8 -- 设置列宽 a8：表示显示宽度为8个字符,a大小写不敏感
SQL> col sal for 9999 --设置显示的列宽（数字型），9表示数字型，一个9表示一个数字位，四个9表示四个数字位
```


---
## 四、基本查询

### 4.1 查询员工表结构

使用语句

```sql
desc 表名
```

```sql
SQL> desc emp

 Name                                                           Null?    Type
 ----------------------------------------------------------- -------- ------------------
 EMPNO                                                         NOT NULL NUMBER(4)
 ENAME                                                                  VARCHAR2(10)
 JOB                                                                    VARCHAR2(9)
 MGR                                                                    NUMBER(4)
 HIREDATE                                                               DATE
 SAL                                                                    NUMBER(7,2)
 COMM                                                                   NUMBER(7,2)
 DEPTNO                                                                 NUMBER(2)

```

### 4.2 select

**SELECT 语句**

SELECT 语句用于从表中选取数据。
结果被存储在一个结果表中（称为结果集）。

SQL SELECT 语法
```sql
 SELECT 列名称 FROM 表名称
```
以及：
```sql
SELECT * FROM 表名称
```
注释：SQL 语句对大小写不敏感。SELECT 等效于 select。

```sql
SQL> select * from emp;

     EMPNO ENAME    JOB                                MGR HIREDATE          SAL       COMM     DEPTNO
---------- -------- --------------------------- ---------- --------------- ----- ---------- ----------
      7369 SMITH    CLERK                             7902 17-DEC-80         800                    20
      7499 ALLEN    SALESMAN                          7698 20-FEB-81        1600        300         30
      7521 WARD     SALESMAN                          7698 22-FEB-81        1250        500         30
      7566 JONES    MANAGER                           7839 02-APR-81        2975                    20
      7654 MARTIN   SALESMAN                          7698 28-SEP-81        1250       1400         30
      7698 BLAKE    MANAGER                           7839 01-MAY-81        2850                    30
      7782 CLARK    MANAGER                           7839 09-JUN-81        2450                    10
      7788 SCOTT    ANALYST                           7566 19-APR-87        3000                    20
      7839 KING     PRESIDENT                              17-NOV-81        5000                    10
      7844 TURNER   SALESMAN                          7698 08-SEP-81        1500          0         30
      7876 ADAMS    CLERK                             7788 23-MAY-87        1100                    20
      7900 JAMES    CLERK                             7698 03-DEC-81         950                    30
      7902 FORD     ANALYST                           7566 03-DEC-81        3000                    20
      7934 MILLER   CLERK                             7782 23-JAN-82        1300                    10

14 rows selected.
```

下面我们根据月薪算出年薪等信息
```sql
SQL> --查询员工信息：员工号 姓名 月薪 年薪 奖金 年收入
SQL> select empno,ename,sal,sal*12,comm,sal*12+comm from emp;

     EMPNO ENAME      SAL     SAL*12       COMM SAL*12+COMM
---------- -------- ----- ---------- ---------- -----------
      7369 SMITH      800       9600
      7499 ALLEN     1600      19200        300       19500
      7521 WARD      1250      15000        500       15500
      7566 JONES     2975      35700
      7654 MARTIN    1250      15000       1400       16400
      7698 BLAKE     2850      34200
      7782 CLARK     2450      29400
      7788 SCOTT     3000      36000
      7839 KING      5000      60000
      7844 TURNER    1500      18000          0       18000
      7876 ADAMS     1100      13200
      7900 JAMES      950      11400
      7902 FORD      3000      36000
      7934 MILLER    1300      15600

14 rows selected.
```

存在的问题，员工有月薪竟然会没有年薪？？？？？？


### 4.3 NULL的说明

SQL中的null
> 1、包含 null 的表达式都为 null     
> 2、null永远 != null

上面的查询中，**COMM SAL\*12+COMM** 表达式中，只要 **COMM** 为NULL了，计算的结果就会为null。所以出现了上面的问题。

**nvl函数***

NVL(E1, E2)的功能为：如果E1为NULL，则函数返回E2，否则返回E1本身。但此函数有一定局限，所以就有了NVL2函数。

拓展：NVL2函数:Oracle/PLSQL中的一个函数,Oracle在NVL函数的功能上扩展，提供了NVL2函数。

NVL2(E1, E2, E3)的功能为：如果E1为NULL，则函数返回E3，若E1不为null，则返回E2。

```sql
SQL> select empno,ename,sal,sal*12,comm,sal*12+nvl(comm,0) from emp;

     EMPNO ENAME      SAL     SAL*12       COMM SAL*12+NVL(COMM,0)
---------- -------- ----- ---------- ---------- ------------------
      7369 SMITH      800       9600                          9600
      7499 ALLEN     1600      19200        300              19500
      7521 WARD      1250      15000        500              15500
      7566 JONES     2975      35700                         35700
      7654 MARTIN    1250      15000       1400              16400
      7698 BLAKE     2850      34200                         34200
      7782 CLARK     2450      29400                         29400
      7788 SCOTT     3000      36000                         36000
      7839 KING      5000      60000                         60000
      7844 TURNER    1500      18000          0              18000
      7876 ADAMS     1100      13200                         13200

     EMPNO ENAME      SAL     SAL*12       COMM SAL*12+NVL(COMM,0)
---------- -------- ----- ---------- ---------- ------------------
      7900 JAMES      950      11400                         11400
      7902 FORD      3000      36000                         36000
      7934 MILLER    1300      15600                         15600
```

那么查询没有奖金的员工就可以使员工 判断 comm 是不是 为null

```sql
SQL> select * from emp where comm is null;

     EMPNO ENAME    JOB                                MGR HIREDATE          SAL       COMM     DEPTNO
---------- -------- --------------------------- ---------- --------------- ----- ---------- ----------
      7369 SMITH    CLERK                             7902 17-DEC-80         800                    20
      7566 JONES    MANAGER                           7839 02-APR-81        2975                    20
      7698 BLAKE    MANAGER                           7839 01-MAY-81        2850                    30
      7782 CLARK    MANAGER                           7839 09-JUN-81        2450                    10
      7788 SCOTT    ANALYST                           7566 19-APR-87        3000                    20
      7839 KING     PRESIDENT                              17-NOV-81        5000                    10
      7876 ADAMS    CLERK                             7788 23-MAY-87        1100                    20
      7900 JAMES    CLERK                             7698 03-DEC-81         950                    30
      7902 FORD     ANALYST                           7566 03-DEC-81        3000                    20
      7934 MILLER   CLERK                             7782 23-JAN-82        1300                    10

10 rows selected.
```

```sql
SQL> select * from emp where comm is not null;

     EMPNO ENAME    JOB                                MGR HIREDATE          SAL       COMM     DEPTNO
---------- -------- --------------------------- ---------- --------------- ----- ---------- ----------
      7499 ALLEN    SALESMAN                          7698 20-FEB-81        1600        300         30
      7521 WARD     SALESMAN                          7698 22-FEB-81        1250        500         30
      7654 MARTIN   SALESMAN                          7698 28-SEP-81        1250       1400         30
      7844 TURNER   SALESMAN                          7698 08-SEP-81        1500          0         30
```

### 4.4 别名

通过使用 SQL，可以为列名称和表名称指定别名（Alias）。

表的 SQL Alias 语法
```sql

SELECT column_name(s)
FROM table_name
AS alias_name
```

列的 SQL Alias 语法
```sql
SELECT column_name AS alias_name
FROM table_name
```

或者省略 **as**

```sql
SQL> select empno as "员工号",ename 姓名,sal "月    薪",sal*12,comm,sal*12+nvl(comm,0) from emp;

    员工号 姓名         月    薪     SAL*12       COMM SAL*12+NVL(COMM,0)
---------- ---------- ---------- ---------- ---------- ------------------
      7369 SMITH             800       9600                          9600
      7499 ALLEN            1600      19200        300              19500
      7521 WARD             1250      15000        500              15500
      7566 JONES            2975      35700                         35700
      7654 MARTIN           1250      15000       1400              16400
      7698 BLAKE            2850      34200                         34200
      7782 CLARK            2450      29400                         29400
      7788 SCOTT            3000      36000                         36000
      7839 KING             5000      60000                         60000
      7844 TURNER           1500      18000          0              18000
      7876 ADAMS            1100      13200                         13200

    员工号 姓名         月    薪     SAL*12       COMM SAL*12+NVL(COMM,0)
---------- ---------- ---------- ---------- ---------- ------------------
      7900 JAMES             950      11400                         11400
      7902 FORD             3000      36000                         36000
      7934 MILLER           1300      15600                         15600
```

### 4.5 distinct

**SQL SELECT DISTINCT 语句**
在表中，可能会包含重复值。这并不成问题，不过，有时您也许希望仅仅列出不同（distinct）的值。

关键词 DISTINCT 用于返回唯一不同的值。

语法：
```sql
SELECT DISTINCT 列名称 FROM 表名称
```
```sql
SQL> select deptno,job from emp;

    DEPTNO JOB
---------- ---------
        20 CLERK
        30 SALESMAN
        30 SALESMAN
        20 MANAGER
        30 SALESMAN
        30 MANAGER
        10 MANAGER
        20 ANALYST
        10 PRESIDENT
        30 SALESMAN
        20 CLERK

    DEPTNO JOB
---------- ---------
        30 CLERK
        20 ANALYST
        10 CLERK

已选择 14 行。

SQL> select distinct deptno ,job from emp;

    DEPTNO JOB
---------- ---------
        20 CLERK
        30 SALESMAN
        20 MANAGER
        30 CLERK
        10 PRESIDENT
        30 MANAGER
        10 CLERK
        10 MANAGER
        20 ANALYST

已选择 9 行。
```


### 4.6 字符串连接

连接字符串可以给使用

```sql
concat(字符1，字符串2) -- 只能连接两个
```
或者使用

```sql
str1 || str2 || .....  --能够连接两个
```

**dual表**：伪表


```sql
SQL> select concat('qiwenming','shiwo') from dual;

CONCAT('QIWENM
--------------
qiwenmingshiwo
```

```sql
SQL> select 'qiwenming' || 'shiwo' || 'nizhidaoma' from dual;

'QIWENMING'||'SHIWO'||'N
------------------------
qiwenmingshiwonizhidaoma
```

查询员工信息：***的薪水是****

```sql

SQL> select ename||'的薪水是'||sal 信息 from emp;

信息                                                                                                                    
----------------------------------------------------------                                                              
SMITH的薪水是800                                                                                                        
ALLEN的薪水是1600                                                                                                       
WARD的薪水是1250                                                                                                        
JONES的薪水是2975                                                                                                       
MARTIN的薪水是1250                                                                                                      
BLAKE的薪水是2850                                                                                                       
CLARK的薪水是2450                                                                                                       
SCOTT的薪水是3000                                                                                                       
KING的薪水是5000                                                                                                        
TURNER的薪水是1500                                                                                                      
ADAMS的薪水是1100                                                                                                       

信息                                                                                                                    
----------------------------------------------------------                                                              
JAMES的薪水是950                                                                                                        
FORD的薪水是3000                                                                                                        
MILLER的薪水是1300                                                                                                      

已选择 14 行。
```

----

## 五、SQL教程
 
 [SQL教程](http://www.w3school.com.cn/sql/index.asp)